{
	"class_name" : "PinholeCameraParameters",
	"extrinsic" : 
	[
		0.97962943759114962,
		-0.076814392777946466,
		-0.18554167743933764,
		0.0,
		0.19017833778004883,
		0.65157641395937171,
		0.73435711790045533,
		0.0,
		0.064485384732243758,
		-0.7546838582042158,
		0.65291186949077107,
		0.0,
		-5.2084341036908777,
		14.613513045951699,
		43.606462165766445,
		1.0
	],
	"intrinsic" : 
	{
		"height" : 1080,
		"intrinsic_matrix" : 
		[
			935.30743608719376,
			0.0,
			0.0,
			0.0,
			935.30743608719376,
			0.0,
			927.0,
			539.5,
			1.0
		],
		"width" : 1855
	},
	"version_major" : 1,
	"version_minor" : 0
}