{
	"class_name" : "PinholeCameraParameters",
	"extrinsic" : 
	[
		0.96982979537035452,
		0.12677108960908462,
		0.20822886171523342,
		0.0,
		-0.23748642427743771,
		0.68417840189252443,
		0.68956516201712825,
		0.0,
		-0.055048762890851546,
		-0.71821236777370867,
		0.69364301227725922,
		0.0,
		0.38880854940975484,
		7.0228916288655254,
		20.191845355764102,
		1.0
	],
	"intrinsic" : 
	{
		"height" : 1080,
		"intrinsic_matrix" : 
		[
			935.30743608719376,
			0.0,
			0.0,
			0.0,
			935.30743608719376,
			0.0,
			927.0,
			539.5,
			1.0
		],
		"width" : 1855
	},
	"version_major" : 1,
	"version_minor" : 0
}