{
	"class_name" : "PinholeCameraParameters",
	"extrinsic" : 
	[
		0.97988590129684505,
		-0.068768492366684253,
		-0.18733530072381752,
		0.0,
		0.19668298317010643,
		0.49159539244387651,
		0.84832173982473125,
		0.0,
		0.033755363588287353,
		-0.86810417841729381,
		0.49523298642503422,
		0.0,
		14.877840240879246,
		16.163701001079112,
		52.930321613598345,
		1.0
	],
	"intrinsic" : 
	{
		"height" : 1080,
		"intrinsic_matrix" : 
		[
			935.30743608719376,
			0.0,
			0.0,
			0.0,
			935.30743608719376,
			0.0,
			927.0,
			539.5,
			1.0
		],
		"width" : 1855
	},
	"version_major" : 1,
	"version_minor" : 0
}